region,model,pair_count,sequence_R2,lead24_R2,sequence_MSE,sequence_RMSE,sequence_MAE
historical_7,Eta+Eta,10,0.7307847489824673,0.5953861221207992,0.009093884830726083,0.09536186255902347,0.06562406689333264
historical_7,Multi+Multi,10,0.7338830100852478,0.6251388675270745,0.008989227945435548,0.09481153909432938,0.06554935167497662
historical_7,Eta+Multi_distinct,20,0.7333942022333337,0.6139771098513868,0.009005739500010781,0.09489857480495048,0.0654675277770884
historical_7,HS-DT_distinct,20,0.7334481673674581,0.6152673533625703,0.009003916599143362,0.09488896984973207,0.06548128119299745
historical_7,HS-DT_same_seed,5,0.731914255740428,0.6152673533625703,0.009055730958188776,0.09516160443261125,0.06571363681582708
historical_7,Eta+Multi_same_seed,5,0.7317570461067697,0.6115086541021154,0.009061041379115394,0.09518950246279993,0.06571359446533842
external_10,Eta+Eta,10,0.6760894756763871,0.5342757214519712,0.015016868171811033,0.12254333181291846,0.08633127808077258
external_10,Multi+Multi,10,0.6858774261100337,0.5838693295331536,0.014563087419730746,0.12067761772479081,0.08531572084392162
external_10,Eta+Multi_distinct,20,0.6818299696697185,0.5628232715241066,0.014750732201950403,0.12145259240522782,0.08570816604702988
external_10,HS-DT_distinct,20,0.6823096723425828,0.5742734712424739,0.014728492628799418,0.12136100126811503,0.08566727038004841
external_10,HS-DT_same_seed,5,0.6802557654104984,0.574273471242474,0.014823714140050678,0.12175267611042756,0.08597178420225719
external_10,Eta+Multi_same_seed,5,0.6796874422186905,0.5607079557286225,0.014850062263404133,0.12186083153911323,0.08602492880255679
