lead_hour,eta_R2,multistate_R2,multistate_minus_eta_R2,winner
1,0.8799101080838946,0.8679495881508592,-0.011960519933035374,eta
2,0.8309053020037311,0.8320384978535398,0.0011331958498086436,multistate
3,0.8097623287666968,0.8153113298065866,0.005549001039889756,multistate
4,0.7981885466274755,0.8019835762276382,0.003795029600162647,multistate
5,0.7827905874052974,0.7815429420258224,-0.001247645379474971,eta
6,0.7602245787719847,0.762387006677851,0.002162427905866293,multistate
7,0.7475601935625755,0.7482682939537845,0.0007081003912089434,multistate
8,0.7288151352024064,0.7410484891889728,0.012233353986566442,multistate
9,0.7189600705598429,0.731307065484684,0.012346994924841148,multistate
10,0.7086010760594336,0.7153407069134481,0.006739630854014522,multistate
11,0.7020548903958965,0.7048401412648897,0.002785250868993172,multistate
12,0.6869363918083793,0.693426781237358,0.006490389428978727,multistate
13,0.6732419117293084,0.6761485128117346,0.002906601082426241,multistate
14,0.6476313525343372,0.6541588811839099,0.006527528649572623,multistate
15,0.6331183485770864,0.6415789705762831,0.008460621999196727,multistate
16,0.6349145836609321,0.6439734024958268,0.009058818834894677,multistate
17,0.6237768212008203,0.636252725016765,0.012475903815944656,multistate
18,0.5998965225324796,0.6155905180537852,0.01569399552130557,multistate
19,0.5893828311171629,0.6021235975272873,0.012740766410124338,multistate
20,0.5927695730878424,0.6046287569193303,0.011859183831487874,multistate
21,0.5900530360994733,0.5993776690664525,0.009324632966979163,multistate
22,0.5708651640381232,0.5775513275388314,0.006686163500708275,multistate
23,0.5587550986096903,0.5795989349164852,0.020843836306794872,multistate
24,0.5418468138171617,0.5896268445558739,0.047780030738712176,multistate
