period,candidate,baseline,metric,mean_improvement,std_improvement,wins,count,wilcoxon_one_sided_p
2026_h1,hs_dt_gwn,gwn_multistate_no_physics,seq_residual_R2,0.015247189998626709,0.006218221893048737,5,5,0.03125
2026_h1,hs_dt_gwn,gwn_multistate_no_physics,last_residual_R2,0.0,0.0,0,5,1.0
2026_h1,hs_dt_gwn,gwn_multistate_no_physics,last_residual_RMSE,0.0,0.0,0,5,1.0
2026_h1,hs_dt_gwn,gwn_multistate_no_physics,extreme_abs_q95_residual_R2,0.05924406051635742,0.05285387923130919,4,5,0.0625
2026_h1,hs_dt_gwn,gwn_eta_only,seq_residual_R2,0.02002202272415161,0.009881507152513899,5,5,0.03125
2026_h1,hs_dt_gwn,gwn_eta_only,last_residual_R2,0.012588965892791747,0.02211963245462642,4,5,0.15625
2026_h1,hs_dt_gwn,gwn_eta_only,last_residual_RMSE,0.0011164313396920754,0.00198920951890322,4,5,0.15625
2026_h1,hs_dt_gwn,gwn_eta_only,extreme_abs_q95_residual_R2,-0.022716236114501954,0.051264370423670935,1,5,0.84375
2026_july,hs_dt_gwn,gwn_multistate_no_physics,seq_residual_R2,0.01772545576095581,0.009857675821810987,5,5,0.03125
2026_july,hs_dt_gwn,gwn_multistate_no_physics,last_residual_R2,0.0,0.0,0,5,1.0
2026_july,hs_dt_gwn,gwn_multistate_no_physics,last_residual_RMSE,0.0,0.0,0,5,1.0
2026_july,hs_dt_gwn,gwn_multistate_no_physics,extreme_abs_q95_residual_R2,-0.057662010192871094,0.593435015097368,2,5,0.6875
2026_july,hs_dt_gwn,gwn_eta_only,seq_residual_R2,0.01784520149230957,0.010358718489894517,5,5,0.03125
2026_july,hs_dt_gwn,gwn_eta_only,last_residual_R2,0.0716044545173645,0.02714630256737042,5,5,0.03125
2026_july,hs_dt_gwn,gwn_eta_only,last_residual_RMSE,0.005132035445900523,0.0019354906981831988,5,5,0.03125
2026_july,hs_dt_gwn,gwn_eta_only,extreme_abs_q95_residual_R2,0.40709743499755857,0.6823042496134122,3,5,0.21875
