protocol,lead,eta_R2_mean,eta_R2_std,multistate_R2_mean,multistate_R2_std,HSI_multistate_minus_eta_mean,HSI_multistate_minus_eta_std,error_correlation_mean,error_correlation_std,eta_win_probability_mean,eta_win_probability_std,multistate_win_probability_mean,multistate_win_probability_std,mean_abs_expert_disagreement_mean,mean_abs_expert_disagreement_std,hsdt_gain_over_best_expert_R2_mean,hsdt_gain_over_best_expert_R2_std
retrospective,1,0.8909241799260318,0.00844769890966373,0.8856835810072138,0.011555592390406572,-0.005240598918818074,0.012085917946852499,0.8732765951697369,0.0136491195216905,0.509163521782142,0.04098195820966146,0.49083647821785803,0.04098195820966146,0.023464631134923475,0.002246250045558544,0.002804108081795387,0.005080166962172525
retrospective,2,0.8498845061708726,0.006526255287222741,0.8513197908172424,0.004502766201542432,0.00143528464636975,0.0026800670802207714,0.9011562487922173,0.01847503425005317,0.49872861173194594,0.01592714437454798,0.5012713882680541,0.015927144374547952,0.02340408185673226,0.002078151668274083,0.005999888732940772,0.001717764201267197
retrospective,3,0.8397455121685565,0.016720082474483863,0.8468361798833621,0.0065927677816682035,0.007090667714805532,0.01977182789423735,0.9012734481004339,0.015731608465148778,0.4760194921774814,0.05706242966190289,0.5239805078225186,0.057062429661902885,0.024772042312527044,0.0031003198658272556,-0.0006142717733834902,0.0034452236068921536
retrospective,4,0.8438875447993052,0.009599846097742368,0.8404311287771578,0.008428013981978585,-0.0034564160221475237,0.012084812633336491,0.9062966880398926,0.029975607224705603,0.5123584801963873,0.02657921680165588,0.4876415198036126,0.026579216801655862,0.02300886807392151,0.0036281025414194863,0.0031521752675469417,0.004040854478867892
retrospective,5,0.8259739587436883,0.007911998155826347,0.8212786204317709,0.005241300667105815,-0.004695338311917307,0.0119734153687587,0.9161027127449224,0.015336057928055206,0.5182940680760635,0.024379011455838973,0.4817059319239366,0.024379011455838973,0.023122127204023755,0.001911322001587621,0.002611951077764729,0.003479271288929651
retrospective,6,0.7992639290940178,0.015019343697762854,0.8048828906095865,0.007032771515380288,0.00561896151556871,0.01942144020393346,0.9113424072969257,0.020295345164321906,0.49579745722346386,0.028578267927772863,0.5042025427765361,0.028578267927772873,0.024873454899155118,0.0028309932566572536,-5.280200409647495e-05,0.0005892968652305654
retrospective,7,0.7925096291265438,0.016448383649791194,0.7962734770883033,0.00738258265517885,0.003763847961759592,0.020921148236420207,0.9233137160184361,0.020561517791587085,0.4950573407100721,0.046344018806775585,0.5049426592899279,0.04634401880677559,0.02511228847320764,0.0034466553443817183,0.0003778082533332894,0.004634196944321291
retrospective,8,0.7952971017752228,0.004014626856479938,0.7873613660961847,0.011244470772286729,-0.007935735679038203,0.015038598407164592,0.9200757710869005,0.008329042434960916,0.5183893305975891,0.025981085104039407,0.4816033415161397,0.0259685520570024,0.025201375377232556,0.0012390668194938168,0.001760364957112004,0.004367424050364404
retrospective,9,0.7697704067787445,0.007678295104541722,0.7712966045203714,0.005360988027860457,0.001526197741626878,0.009880650520879122,0.9212278476855769,0.018129147610919903,0.5019235701461914,0.030219047094674892,0.49807642985380873,0.030219047094674954,0.025493268361136467,0.0031481410308765844,0.005419503226311684,0.004387351510546386
retrospective,10,0.7536324209502394,0.003614939602824833,0.7491662954634137,0.004506113156980241,-0.004466125486825678,0.003102465222803412,0.9394228162499425,0.0065481518495517825,0.5061737441834903,0.025119677228124943,0.49382625581650974,0.025119677228124932,0.023857272319875188,0.0015123498637191382,0.005261820925161054,0.0017061912572984516
retrospective,11,0.7296893804122246,0.00869996357287995,0.7311453839491511,0.011939418168083672,0.0014560035369264091,0.014388246437524364,0.9261378112999925,0.012821826074310434,0.49591470340380317,0.04117325837367772,0.5040852965961968,0.0411732583736777,0.027042152174241534,0.002886316671491833,0.005554373521057432,0.00468023570236845
retrospective,12,0.7353439429498059,0.007093440568244082,0.7222429001659755,0.013689033694796713,-0.01310104278383024,0.010435670381316365,0.9337142386292662,0.011202952066133498,0.5213791081962408,0.02282368966441198,0.4786208918037592,0.02282368966441195,0.025617206323354437,0.001950301784250987,0.0024696573711430413,0.00542271184799088
retrospective,13,0.7175012549491134,0.006395174007280102,0.7097317879316616,0.005499562083060853,-0.007769467017451781,0.007630307620683916,0.9342186328099806,0.018309357048673775,0.5119774301102847,0.017060300512064856,0.48802256988971526,0.01706030051206481,0.025873125981828025,0.0030386728367292194,0.005363200463246098,0.003845779319907613
retrospective,14,0.7047009089607353,0.004914858472351362,0.693643041766347,0.009167971691270456,-0.01105786719438846,0.009768659769802578,0.9417623172043375,0.010706760374468818,0.5171582457040267,0.023488238937994392,0.4828417542959733,0.023488238937994392,0.026172116369738995,0.0018417407062689345,0.002829795124890322,0.005345002651032276
retrospective,15,0.6915190414547995,0.009541198481609003,0.6840266258843972,0.0038372335637579607,-0.0074924155704023665,0.008782793201553073,0.9386689066305083,0.013200619335279027,0.5116330194555381,0.02299647574227643,0.488366980544462,0.02299647574227646,0.026729480020264318,0.0027503814951317105,0.0043609804683910625,0.0031411878951415873
retrospective,16,0.6802145891246868,0.008228998818210763,0.6732441402761153,0.008427188653848375,-0.0069704488485714975,0.012186572336975317,0.9305956825610971,0.010306255858491414,0.5194079067892867,0.02485655856782149,0.48059209321071333,0.024856558567821464,0.0294345687944835,0.002939673236532161,0.00741186986251059,0.005201616674523286
retrospective,17,0.6623092773228387,0.010168999716604638,0.6571170089404298,0.012057799537353026,-0.00519226838240896,0.019306184650460655,0.9284719121660328,0.012234951486634707,0.5130546293921519,0.04171123207953992,0.4869453706078482,0.04171123207953994,0.03055944371710174,0.0022752505262908646,0.005558401979143479,0.005774003517458641
retrospective,18,0.6521876326062876,0.004126123259126474,0.646305038949923,0.005154088678447618,-0.00588259365636481,0.006691000552483716,0.9385864028571594,0.010983210889477605,0.5172828197706372,0.017695752955527336,0.4827098523430916,0.017696306744709026,0.028997392030701858,0.002140046523302373,0.00812663620998788,0.0031226008201428084
retrospective,19,0.6429863987029287,0.007217766430392832,0.6395279296791357,0.009337139002843137,-0.003458469023793076,0.014410476759336306,0.9362974119057886,0.017925928182429655,0.5144615835562233,0.030469574493780367,0.4855384164437768,0.030469574493780384,0.029292940461858846,0.002979612188581045,0.005820703659577387,0.005998300631020578
retrospective,20,0.6336339387781491,0.012629742138631623,0.6263138789625966,0.005863787604792553,-0.007320059815552504,0.012163900421296649,0.9391888611894519,0.014294404535316095,0.5217601582823435,0.012644389325575319,0.4782398417176565,0.012644389325575281,0.0293688143544396,0.0030046480178652518,0.0059540806365813385,0.005285845998341345
retrospective,21,0.6221788200649929,0.007541746893567938,0.6230404869684836,0.00683687855787902,0.0008616669034906766,0.00696171163642509,0.939480171004565,0.0165314362582939,0.4947862089180376,0.01946951259580465,0.5052137910819624,0.01946951259580466,0.029542725286897005,0.002771086136881698,0.008665963030043033,0.0032933763146953837
retrospective,22,0.6142495632491414,0.013693296856270375,0.6191626439047846,0.007254829127060583,0.0049130806556433315,0.017428650700816117,0.9264089100003053,0.02014271759882125,0.49594401494888796,0.03478480732021568,0.504055985051112,0.034784807320215695,0.03193706884544372,0.0025891554334868433,0.0067990387316552384,0.005497047218715136
retrospective,23,0.6045501156194055,0.01606595764871883,0.6128254120865381,0.010893569758987446,0.008275296467132608,0.01972014194434661,0.9264993238177703,0.015373756747942318,0.49699190268567034,0.02597483225709563,0.5030080973143297,0.025974832257095588,0.03288505252050977,0.00090516628337305,0.007675484300339308,0.00862269508640079
retrospective,24,0.5824581971721429,0.015265455568524709,0.6152673533625707,0.012413850920217557,0.03280915619042772,0.024695331577882406,0.9261412807178744,0.02066229162018396,0.47261935294764224,0.029919392620609768,0.5273806470523578,0.029919392620609792,0.032181340528246276,0.0030096883636743063,-0.00047605398513670403,0.0010644890717253447
strict_2025_h2,1,0.8646487974215864,0.023454924878355692,0.8559709781511075,0.026450827460669957,-0.008677819270478882,0.044797188324396324,0.8763039141662601,0.03178507184038894,0.5181229878703132,0.05747082250232058,0.4818770121296868,0.05747082250232063,0.024509983451218544,0.003347569995794162,-0.0070444764174702355,0.010994026221655318
strict_2025_h2,2,0.8342946784100895,0.013775515845343535,0.8104090734162958,0.038803516258734766,-0.02388560499379384,0.049953703187729036,0.8853549344848082,0.05539687482286451,0.5226171506617672,0.053154312238144354,0.4773828493382329,0.053154312238144354,0.02561416921991489,0.005225009050987582,-0.0044129504235674855,0.015067790323315932
strict_2025_h2,3,0.8263937683993401,0.005739886314852968,0.8182587475025382,0.039797790715480445,-0.008135020896801893,0.039722623444359575,0.885989241421638,0.032913574266974575,0.5018438424766674,0.03864866326555972,0.4981561575233326,0.038648663265559685,0.025479039218825772,0.003915849324972448,-0.001513635993679241,0.010290586724793152
strict_2025_h2,4,0.8255323268939362,0.0065570072733894275,0.8212808773793082,0.015944612513892006,-0.00425144951462797,0.020927701203483463,0.8990590478250322,0.010955577862709655,0.5102208058274528,0.04493302901635861,0.4897791941725472,0.04493302901635864,0.02471144816295412,0.0016404474492242621,0.0011997629119270491,0.005911330223140539
strict_2025_h2,5,0.8009507514623155,0.016084459587396568,0.788112062666315,0.02962589999400329,-0.012838688796000697,0.03573592777951793,0.9109044332697371,0.04673360549356036,0.5031966440115768,0.038224427324746284,0.4968033559884232,0.03822442732474629,0.02389293765824499,0.004878356534830563,0.00014396370152398587,0.010219821738833566
strict_2025_h2,6,0.7623369179784834,0.02597435302389952,0.7753769056287789,0.009687477403506287,0.01303998765029557,0.03449705498577468,0.9066652291085969,0.03358746077179955,0.488341842541706,0.03737058861943007,0.511658157458294,0.03737058861943011,0.026865983401881517,0.0039324976505605335,-0.0021628091961054087,0.00778568763852862
strict_2025_h2,7,0.7707639615481522,0.013136961307190312,0.7601331514522238,0.018104435036458325,-0.010630810095928301,0.026487891604472888,0.9223639816140654,0.008340359575832861,0.5118467692107573,0.04186207107599012,0.4881532307892426,0.041862071075990104,0.02617551288545028,0.002690867829758881,-0.0021021573987423546,0.004527340903463927
strict_2025_h2,8,0.7431924807323805,0.020637744502146775,0.7502086427032941,0.023513427060515166,0.007016161970913615,0.031058335064750527,0.9182683913885047,0.01495272639703066,0.5101882865597867,0.037152430037405926,0.4898117134402133,0.037152430037405905,0.02680111229519669,0.002785245405586831,-0.0017615800557211569,0.0057719162082054114
strict_2025_h2,9,0.7398878106384839,0.014968657559585463,0.733914237738824,0.010261627400623747,-0.005973572899659807,0.022071445520078097,0.9227593082113733,0.02331601046324759,0.5177717797795194,0.01912938837518844,0.4822282202204806,0.019129388375188412,0.026037263916150688,0.004532587976633418,0.0017004233092914767,0.005504746290839067
strict_2025_h2,10,0.6876975843194215,0.028918407109808426,0.7028200485853585,0.01113892801638296,0.01512246426593702,0.030369293436210656,0.9365382427892855,0.013777177712110948,0.4876199147995187,0.022706966069760894,0.5123800852004813,0.02270696606976092,0.025171067239456595,0.002178661238313136,-0.0007770879943084008,0.010497864307672449
strict_2025_h2,11,0.6768664457859346,0.03180986716041554,0.6827879085561872,0.018822811603621994,0.005921462770252672,0.03162011716180246,0.9345320284520486,0.009536926100529626,0.4915222269194498,0.04564307958243605,0.5084777730805502,0.0456430795824361,0.027658993911870176,0.0012323023114996668,-0.0007806718736898643,0.010063113470680523
strict_2025_h2,12,0.6848045094872435,0.008405888992977704,0.6672279047693124,0.03193535413531689,-0.01757660471793112,0.030997559773131768,0.9418058809769478,0.006444225527417873,0.5363467854703912,0.04171951081107576,0.4636532145296088,0.04171951081107577,0.026028734653650177,0.0026818622226055908,-0.0032788894245149524,0.009391942906022408
strict_2025_h2,13,0.6613728614086377,0.014421329690164193,0.6530855031383226,0.01770236653179602,-0.008287358270315192,0.01796810889747496,0.9362291142315542,0.008091137609467744,0.5006016064518227,0.029939915958738187,0.4993983935481773,0.029939915958738187,0.027534383895828844,0.002290846365111569,0.0031361443043358417,0.003474578786542551
strict_2025_h2,14,0.6262061829353645,0.031496543563720426,0.6267414427704294,0.018166995378541093,0.000535259835064994,0.04351877502926473,0.9401821416411682,0.026694629051479242,0.5092387239439369,0.027907430362665547,0.4907612760560632,0.027907430362665516,0.026535363493673324,0.003981116818907275,-0.003572169482350662,0.009201525844794951
strict_2025_h2,15,0.5997267006411853,0.007969981632723007,0.6006679026343658,0.007175380552510066,0.0009412019931804849,0.010617789005394184,0.9497794289008873,0.010087133974825368,0.4941237683327372,0.029445558510245707,0.5058762316672628,0.029445558510245728,0.027364452084939594,0.00331816705706343,0.006392774045507798,0.0015324511056891918
strict_2025_h2,16,0.5760009523262987,0.020351933479286436,0.576587993413839,0.019930945308815458,0.000587041087540352,0.009138641818738323,0.9496147537059869,0.012301259475975022,0.502546258658255,0.017922297466486693,0.4974537413417449,0.017922297466486777,0.02714676828705561,0.004352525966260316,0.0071338069685933595,0.0033849576334293884
strict_2025_h2,17,0.5586248730834116,0.007030092285567795,0.5458469518701083,0.030420931361583938,-0.012777921213303367,0.03450202945503766,0.9481890576160092,0.005157658743662677,0.5113459724886995,0.0456644606847758,0.48865402751130044,0.045664460684775796,0.028307214553895205,0.0019289100491716275,-0.0016388346235667096,0.010189957627463855
strict_2025_h2,18,0.5339565721200696,0.008109197654941495,0.5295422370540244,0.01144014682247029,-0.004414335066045339,0.017560248831950627,0.9565689600931219,0.011417550134087413,0.5205424213846704,0.025148585951376784,0.47945757861532956,0.025148585951376815,0.027648142462790525,0.0049336749264737275,0.003599057729953836,0.003379259521870346
strict_2025_h2,19,0.5147613189484975,0.021524110248358593,0.5098670507246235,0.023274433375191736,-0.0048942682238739986,0.013888303912439252,0.9593990350708929,0.010507733999704902,0.5246203375499984,0.016584246253799843,0.4753796624500016,0.016584246253799863,0.026345593908442284,0.0036371740908664797,0.004018908530183473,0.005016719478446931
strict_2025_h2,20,0.4897698359388961,0.024578302621800916,0.4937285087570391,0.017877944365236615,0.003958672818142927,0.01004478301492256,0.9502250785134765,0.01475614289083841,0.48522649669929435,0.015355042420562178,0.5147735033007057,0.015355042420562216,0.028866281669863065,0.004195307143058352,0.008448312365944921,0.005708331096537099
strict_2025_h2,21,0.4839244933208472,0.011939040421449483,0.45723049424710566,0.022829524749265147,-0.026693999073741592,0.030179022204341863,0.9516168916635739,0.011108064891246003,0.5232220090403564,0.03006400228040298,0.4767779909596436,0.03006400228040301,0.029216205515390815,0.004091861622087423,-0.0037113595920558184,0.0068746140950154706
strict_2025_h2,22,0.452540439858684,0.013205758437688795,0.4568763485683608,0.021265056498097262,0.004335908709676706,0.022503543698753778,0.9616465868474473,0.006950074582210242,0.4952944619687164,0.027737404622081508,0.5047055380312836,0.027737404622081522,0.02750852322596752,0.0021821653057108375,0.002806617788306087,0.007069523668437593
strict_2025_h2,23,0.42388539976207795,0.013380804976697693,0.42421705755852734,0.01432014624541143,0.00033165779644941387,0.008606176143405003,0.9627571676761576,0.005650880907526036,0.49919677408864754,0.024335043865236383,0.5008032259113525,0.024335043865236352,0.02736234707241577,0.0020385034264847526,0.00773611333791604,0.003633726098716258
strict_2025_h2,24,0.40624089977149574,0.02478086761189321,0.42469202991932126,0.014625105392984533,0.018451130147825578,0.03552623319289089,0.9628778726313316,0.009554490102490308,0.47804624239862115,0.018176214058007057,0.5219537576013789,0.018176214058007067,0.027338877412832745,0.004124188517498053,-0.002964408835203147,0.004463100612741781
