region,comparison,metric,block_hours,delta,ci_low,ci_high,replicates,inference
historical_7,Eta+Multi_distinct minus Eta+Eta,sequence_R2,84,0.002609453250866478,-0.0011793926357690416,0.006329755559821047,5000,time uncertainty conditional on fixed expert bank
historical_7,Eta+Multi_distinct minus Eta+Eta,lead24_R2,84,0.018590987730587538,0.010313045117740881,0.027629722231129136,5000,time uncertainty conditional on fixed expert bank
historical_7,Eta+Multi_distinct minus Eta+Eta,sequence_R2,168,0.002609453250866478,-0.0018347692754523116,0.006490590689357323,5000,time uncertainty conditional on fixed expert bank
historical_7,Eta+Multi_distinct minus Eta+Eta,lead24_R2,168,0.018590987730587538,0.01032417302544445,0.027424451035157952,5000,time uncertainty conditional on fixed expert bank
historical_7,Eta+Multi_distinct minus Eta+Eta,sequence_R2,336,0.002609453250866478,-0.0027030906337414,0.007015297416349728,5000,time uncertainty conditional on fixed expert bank
historical_7,Eta+Multi_distinct minus Eta+Eta,lead24_R2,336,0.018590987730587538,0.010698894485299532,0.027200467650828973,5000,time uncertainty conditional on fixed expert bank
historical_7,Eta+Multi_distinct minus Multi+Multi,sequence_R2,84,-0.0004888078519140748,-0.004062714478186804,0.0035533277441324885,5000,time uncertainty conditional on fixed expert bank
historical_7,Eta+Multi_distinct minus Multi+Multi,lead24_R2,84,-0.011161757675687722,-0.019889499333945834,-0.0018120207998950626,5000,time uncertainty conditional on fixed expert bank
historical_7,Eta+Multi_distinct minus Multi+Multi,sequence_R2,168,-0.0004888078519140748,-0.0043529159382247155,0.0041875285983030645,5000,time uncertainty conditional on fixed expert bank
historical_7,Eta+Multi_distinct minus Multi+Multi,lead24_R2,168,-0.011161757675687722,-0.0194895545961487,-0.0013468279422153189,5000,time uncertainty conditional on fixed expert bank
historical_7,Eta+Multi_distinct minus Multi+Multi,sequence_R2,336,-0.0004888078519140748,-0.004612837548286077,0.004641082510496994,5000,time uncertainty conditional on fixed expert bank
historical_7,Eta+Multi_distinct minus Multi+Multi,lead24_R2,336,-0.011161757675687722,-0.018880403962498057,-0.002866209846594702,5000,time uncertainty conditional on fixed expert bank
historical_7,HS-DT_distinct minus Multi+Multi,sequence_R2,84,-0.0004348427177897074,-0.0037214848395816214,0.0032108584562935013,5000,time uncertainty conditional on fixed expert bank
historical_7,HS-DT_distinct minus Multi+Multi,lead24_R2,84,-0.009871514164504158,-0.012716528423344304,-0.008120956152062181,5000,time uncertainty conditional on fixed expert bank
historical_7,HS-DT_distinct minus Multi+Multi,sequence_R2,168,-0.0004348427177897074,-0.0040270968051835075,0.0038332968937507756,5000,time uncertainty conditional on fixed expert bank
historical_7,HS-DT_distinct minus Multi+Multi,lead24_R2,168,-0.009871514164504158,-0.012950342250224529,-0.008120965509580745,5000,time uncertainty conditional on fixed expert bank
historical_7,HS-DT_distinct minus Multi+Multi,sequence_R2,336,-0.0004348427177897074,-0.0042505462703074474,0.004389554686919556,5000,time uncertainty conditional on fixed expert bank
historical_7,HS-DT_distinct minus Multi+Multi,lead24_R2,336,-0.009871514164504158,-0.012727960577307601,-0.00823215512134568,5000,time uncertainty conditional on fixed expert bank
historical_7,HS-DT_same_seed minus Multi+Multi,sequence_R2,84,-0.001968754344819801,-0.005345846875224694,0.0015369200415224073,5000,time uncertainty conditional on fixed expert bank
historical_7,HS-DT_same_seed minus Multi+Multi,lead24_R2,84,-0.009871514164504158,-0.012716528423344304,-0.008120956152062191,5000,time uncertainty conditional on fixed expert bank
historical_7,HS-DT_same_seed minus Multi+Multi,sequence_R2,168,-0.001968754344819801,-0.0055402943710709494,0.0020601476787808887,5000,time uncertainty conditional on fixed expert bank
historical_7,HS-DT_same_seed minus Multi+Multi,lead24_R2,168,-0.009871514164504158,-0.012950342250224517,-0.008120965509580762,5000,time uncertainty conditional on fixed expert bank
historical_7,HS-DT_same_seed minus Multi+Multi,sequence_R2,336,-0.001968754344819801,-0.005722711405252662,0.002551021356393438,5000,time uncertainty conditional on fixed expert bank
historical_7,HS-DT_same_seed minus Multi+Multi,lead24_R2,336,-0.009871514164504158,-0.012727960577307606,-0.008232155121345671,5000,time uncertainty conditional on fixed expert bank
external_10,Eta+Multi_distinct minus Eta+Eta,sequence_R2,84,0.00574049399333143,0.0030762663104655957,0.008518449757767745,5000,time uncertainty conditional on fixed expert bank
external_10,Eta+Multi_distinct minus Eta+Eta,lead24_R2,84,0.028547550072135386,0.02300225814586819,0.03528472322147271,5000,time uncertainty conditional on fixed expert bank
external_10,Eta+Multi_distinct minus Eta+Eta,sequence_R2,168,0.00574049399333143,0.0028874574624251905,0.008302800350870826,5000,time uncertainty conditional on fixed expert bank
external_10,Eta+Multi_distinct minus Eta+Eta,lead24_R2,168,0.028547550072135386,0.02290877651570072,0.035092065089243674,5000,time uncertainty conditional on fixed expert bank
external_10,Eta+Multi_distinct minus Eta+Eta,sequence_R2,336,0.00574049399333143,0.002594530290935922,0.00857116512607456,5000,time uncertainty conditional on fixed expert bank
external_10,Eta+Multi_distinct minus Eta+Eta,lead24_R2,336,0.028547550072135386,0.022787214469403103,0.03551505396182776,5000,time uncertainty conditional on fixed expert bank
external_10,Eta+Multi_distinct minus Multi+Multi,sequence_R2,84,-0.0040474564403151225,-0.006576386840505805,-0.0013666630509768243,5000,time uncertainty conditional on fixed expert bank
external_10,Eta+Multi_distinct minus Multi+Multi,lead24_R2,84,-0.02104605800904702,-0.026929026448121614,-0.015634925454322178,5000,time uncertainty conditional on fixed expert bank
external_10,Eta+Multi_distinct minus Multi+Multi,sequence_R2,168,-0.0040474564403151225,-0.006405213854586709,-0.001219285850320099,5000,time uncertainty conditional on fixed expert bank
external_10,Eta+Multi_distinct minus Multi+Multi,lead24_R2,168,-0.02104605800904702,-0.02663977734547455,-0.01580364994193276,5000,time uncertainty conditional on fixed expert bank
external_10,Eta+Multi_distinct minus Multi+Multi,sequence_R2,336,-0.0040474564403151225,-0.006619291743762085,-0.0009674637415788543,5000,time uncertainty conditional on fixed expert bank
external_10,Eta+Multi_distinct minus Multi+Multi,lead24_R2,336,-0.02104605800904702,-0.026715280098201205,-0.015627366164850793,5000,time uncertainty conditional on fixed expert bank
external_10,HS-DT_distinct minus Multi+Multi,sequence_R2,84,-0.0035677537674508875,-0.005906166530243096,-0.0011006071721573894,5000,time uncertainty conditional on fixed expert bank
external_10,HS-DT_distinct minus Multi+Multi,lead24_R2,84,-0.00959585829067977,-0.01147882539210871,-0.008270536621270816,5000,time uncertainty conditional on fixed expert bank
external_10,HS-DT_distinct minus Multi+Multi,sequence_R2,168,-0.0035677537674508875,-0.005756308477684906,-0.0009131266560497125,5000,time uncertainty conditional on fixed expert bank
external_10,HS-DT_distinct minus Multi+Multi,lead24_R2,168,-0.00959585829067977,-0.011471153165994662,-0.008415798965963249,5000,time uncertainty conditional on fixed expert bank
external_10,HS-DT_distinct minus Multi+Multi,sequence_R2,336,-0.0035677537674508875,-0.005943717224872899,-0.0006915657998522707,5000,time uncertainty conditional on fixed expert bank
external_10,HS-DT_distinct minus Multi+Multi,lead24_R2,336,-0.00959585829067977,-0.011563056421093221,-0.008434616976508567,5000,time uncertainty conditional on fixed expert bank
external_10,HS-DT_same_seed minus Multi+Multi,sequence_R2,84,-0.005621660699535291,-0.00796424111258242,-0.003283861343669313,5000,time uncertainty conditional on fixed expert bank
external_10,HS-DT_same_seed minus Multi+Multi,lead24_R2,84,-0.00959585829067966,-0.011478825392108713,-0.008270536621270821,5000,time uncertainty conditional on fixed expert bank
external_10,HS-DT_same_seed minus Multi+Multi,sequence_R2,168,-0.005621660699535291,-0.0078081622792242535,-0.003122045676487541,5000,time uncertainty conditional on fixed expert bank
external_10,HS-DT_same_seed minus Multi+Multi,lead24_R2,168,-0.00959585829067966,-0.011471153165994676,-0.008415798965963246,5000,time uncertainty conditional on fixed expert bank
external_10,HS-DT_same_seed minus Multi+Multi,sequence_R2,336,-0.005621660699535291,-0.008008149967700707,-0.0029742418142147662,5000,time uncertainty conditional on fixed expert bank
external_10,HS-DT_same_seed minus Multi+Multi,lead24_R2,336,-0.00959585829067966,-0.01156305642109321,-0.008434616976508566,5000,time uncertainty conditional on fixed expert bank
