region,model,seed1,seed2,sequence_R2,lead24_R2,sequence_MSE,sequence_RMSE,sequence_MAE
historical_7,Eta+Eta,42,123,0.7251495234003423,0.5828096144652428,0.009284238431591242,0.09635475303061725,0.06636991091192532
historical_7,Multi+Multi,42,123,0.7389989575530399,0.6379311110679844,0.008816415161255217,0.09389576753642954,0.06498001566130629
historical_7,Eta+Multi_distinct,42,123,0.7343411853779911,0.6187865741770844,0.008973751135229796,0.0947298851220131,0.06558318808047545
historical_7,Eta+Multi_distinct,123,42,0.7339027499913,0.6148476668244588,0.008988561146539387,0.09480802258532443,0.06530798553741513
historical_7,Eta+Eta,42,2024,0.7333306453949117,0.6029630306648935,0.009007886401297504,0.09490988568793823,0.06577484142221673
historical_7,Multi+Multi,42,2024,0.7343870381525051,0.6216943927570546,0.00897220226365204,0.09472170956888415,0.06565134253306264
historical_7,Eta+Multi_distinct,42,2024,0.7328836260702113,0.6094325924604762,0.009022986371453613,0.09498940136380275,0.06584511136776078
historical_7,Eta+Multi_distinct,2024,42,0.7383237174623346,0.6286983313574885,0.008839224253959862,0.09401714872277217,0.06520751228648641
historical_7,Eta+Eta,42,2025,0.7323418823341692,0.5981315001432681,0.009041286059620289,0.09508567746837737,0.06571553029250551
historical_7,Multi+Multi,42,2025,0.7348456185762083,0.6325866464825314,0.008956711768432988,0.09463990579260415,0.06561028555006815
historical_7,Eta+Multi_distinct,42,2025,0.731842651937718,0.6141123751256805,0.009058149679761292,0.09517431207926481,0.06605646592583807
historical_7,Eta+Multi_distinct,2025,42,0.7377265908154031,0.6235984344554508,0.008859394734406374,0.09412435781670106,0.06509068723802355
historical_7,Eta+Eta,42,3407,0.7309566596403332,0.6025317067735352,0.009088077820469794,0.09533141046092727,0.06577024561113139
historical_7,Multi+Multi,42,3407,0.734252637131011,0.6295072878164097,0.008976742227142146,0.09474567128445577,0.06555070183984683
historical_7,Eta+Multi_distinct,42,3407,0.7303229028915315,0.6110410494942193,0.009109485637681176,0.09544362544288212,0.06603564527862213
historical_7,Eta+Multi_distinct,3407,42,0.7361370818043549,0.6232057276526832,0.008913087130469526,0.09440914749360639,0.06508013199381321
historical_7,Eta+Eta,123,2024,0.7274981436074628,0.5877642448437748,0.009204903841169844,0.09594219009992343,0.06588965697474178
historical_7,Multi+Multi,123,2024,0.7354631830592324,0.6220614411070633,0.008935850913548501,0.09452962981810784,0.06526714956867793
historical_7,Eta+Multi_distinct,123,2024,0.7294336093998326,0.5975359883781322,0.0091395252902033,0.09560086448460234,0.06562121727498435
historical_7,Eta+Multi_distinct,2024,123,0.7364629487473537,0.6224065573432733,0.008902079594906175,0.09435083250775361,0.06519869581645234
historical_7,Eta+Eta,123,2025,0.7277874541127336,0.5823021828272472,0.009195131154053097,0.09589124649337445,0.06574964013384502
historical_7,Multi+Multi,123,2025,0.735362508283155,0.6302391211084883,0.008939251630318992,0.09454761567759914,0.06530560472192198
historical_7,Eta+Multi_distinct,123,2025,0.7289455952172786,0.6019936302713974,0.009156010035235883,0.09568704214905946,0.065791920373008
historical_7,Eta+Multi_distinct,2025,123,0.7369008715558245,0.6188865317805465,0.008887286898095986,0.09427240793623544,0.06493323588327204
historical_7,Eta+Eta,123,3407,0.7268601510906858,0.5857775460502128,0.009226454739376786,0.09605443633365815,0.065667801862435
historical_7,Multi+Multi,123,3407,0.7325066530414437,0.6237080998090347,0.009035720231422338,0.09505640552546861,0.06552483479026922
historical_7,Eta+Multi_distinct,123,3407,0.7248350749491246,0.5974646842835547,0.009294860259254297,0.09640985561266181,0.06619127110088831
historical_7,Eta+Multi_distinct,3407,123,0.7351605465389017,0.6191560028883127,0.008946073743239824,0.09458368645405943,0.06496185640002727
historical_7,Eta+Eta,2024,2025,0.7353134639053893,0.6043108938179933,0.008940908311808285,0.09455637636779597,0.06515845917518032
historical_7,Multi+Multi,2024,2025,0.7330509215888502,0.6189142432903352,0.009017335257062995,0.09495965067892255,0.06570243113944935
historical_7,Eta+Multi_distinct,2024,2025,0.7355598936891408,0.620486217380515,0.008932584102597155,0.09451234894233217,0.06540985426109319
historical_7,Eta+Multi_distinct,2025,2024,0.7350541143376883,0.6090626216122295,0.008949668941418444,0.09460268992697007,0.06521257390118884
historical_7,Eta+Eta,2024,3407,0.7345847806508273,0.6072183196686938,0.008965522673624781,0.09468644398024872,0.06513829224728865
historical_7,Multi+Multi,2024,3407,0.7295875136158506,0.6128983953114056,0.009134326523751025,0.09557367066169964,0.06599640960582746
historical_7,Eta+Multi_distinct,2024,3407,0.7316652072856936,0.6135284681788308,0.009064143624098544,0.09520579616860805,0.06572146937442697
historical_7,Eta+Multi_distinct,3407,2024,0.7330881384070276,0.6091432812582154,0.009016078101470986,0.094953031028351,0.06528830326830022
historical_7,Eta+Eta,2025,3407,0.7340247856878187,0.6000521819531202,0.00898443887424915,0.09478627998950666,0.06500629030205661
historical_7,Multi+Multi,2025,3407,0.7303750698511836,0.6218479365204392,0.009107723477769161,0.09543439357888309,0.06590474133933676
historical_7,Eta+Multi_distinct,2025,3407,0.7322761940296818,0.610994997648385,0.009043504960196968,0.095097344653765,0.06546757427515162
historical_7,Eta+Multi_distinct,3407,2025,0.7330213441582859,0.6151604644568123,0.00901833435999689,0.09496491120406994,0.06534585590453948
external_10,Eta+Eta,42,123,0.6648405132310495,0.5214844517306041,0.015538383137908647,0.1246530510573594,0.08769546275615292
external_10,Multi+Multi,42,123,0.6851060106130867,0.5799089091847919,0.014598851138268556,0.12082570561874885,0.08554154964282537
external_10,Eta+Multi_distinct,42,123,0.6795713178966454,0.5696752125959137,0.01485544592186764,0.12188291890936827,0.0859674286273018
external_10,Eta+Multi_distinct,123,42,0.6747330155961951,0.5411576696348339,0.0150797552368334,0.12279965487261518,0.0866279569359206
external_10,Eta+Eta,42,2024,0.6698535736556637,0.536058597485056,0.015305971833302373,0.12371730611883841,0.08705964711211955
external_10,Multi+Multi,42,2024,0.6842438485846289,0.5802212549202284,0.014638821971421098,0.12099099954716093,0.08571975313923762
external_10,Eta+Multi_distinct,42,2024,0.6782641192244035,0.5693712230947787,0.014916049170793906,0.12213127842937659,0.08617045318234688
external_10,Eta+Multi_distinct,2024,42,0.6789725293196461,0.5567975696297636,0.01488320645586807,0.12199674772660159,0.08615105705489302
external_10,Eta+Eta,42,2025,0.6777584779022803,0.5465976851418564,0.014939491289855644,0.12222721174049436,0.08608797550730451
external_10,Multi+Multi,42,2025,0.679269304761583,0.574260580470162,0.014869447601636636,0.12194034443791207,0.0860904664391061
external_10,Eta+Multi_distinct,42,2025,0.6728854578815149,0.5609877078928819,0.015165410158664367,0.12314791983084557,0.08658807559427457
external_10,Eta+Multi_distinct,2025,42,0.6847651011645508,0.5646304684317813,0.014614656096313305,0.12089109188154976,0.0854649325626504
external_10,Eta+Eta,42,3407,0.6705172804717303,0.5351673638662059,0.015275201614327797,0.12359288658465663,0.08689459095979266
external_10,Multi+Multi,42,3407,0.6826475634577274,0.5771373612785881,0.014712827604196876,0.12129644514245616,0.08564860584762947
external_10,Eta+Multi_distinct,42,3407,0.6745065889731551,0.5637263718868633,0.015090252638101487,0.12284238941872422,0.08644479897254681
external_10,Eta+Multi_distinct,3407,42,0.6798904837790891,0.5580235606606121,0.014840649020804895,0.12182220249529596,0.08603758651730287
external_10,Eta+Eta,123,2024,0.6747763928605363,0.5231682977225454,0.015077744216470216,0.12279146638292995,0.086514932116857
external_10,Multi+Multi,123,2024,0.6918456817064522,0.5923661961884037,0.014286392157376288,0.11952569664041406,0.08477023636512541
external_10,Eta+Multi_distinct,123,2024,0.6825150269864033,0.5563226889844188,0.014718972148965798,0.1213217711252428,0.08571994839757408
external_10,Eta+Multi_distinct,2024,123,0.686154746699419,0.568454119213983,0.014550230515062934,0.12062433633004135,0.08522888093928856
external_10,Eta+Eta,123,2025,0.6809825371282682,0.5324700311449472,0.014790020158975068,0.12161422679512077,0.08576919988125675
external_10,Multi+Multi,123,2025,0.6873889828170971,0.5870177899579758,0.014493009894921726,0.12038691745751166,0.08508018874701387
external_10,Eta+Multi_distinct,123,2025,0.6763055714015864,0.548296150236483,0.015006849722967527,0.12250244782439054,0.0862715481628033
external_10,Eta+Multi_distinct,2025,123,0.6919434999746602,0.5755845417391566,0.014281857188833538,0.11950672445027324,0.08459318715219706
external_10,Eta+Eta,123,3407,0.674433753560393,0.5191796836803804,0.01509362937244493,0.12285613282390477,0.08658783113046983
external_10,Multi+Multi,123,3407,0.6902103678182069,0.5893030978190998,0.014362207208864946,0.11984242658117761,0.08468457416370362
external_10,Eta+Multi_distinct,123,3407,0.6786788183567508,0.5509264404061881,0.01489682323729135,0.12205254293660313,0.08608650759680744
external_10,Eta+Multi_distinct,3407,123,0.687071467245608,0.5692719927305296,0.01450773028565157,0.1204480397750481,0.0851695747022922
external_10,Eta+Eta,2024,2025,0.6840918101342839,0.546012961371675,0.014645870650591513,0.12102012498172159,0.08537128545394818
external_10,Multi+Multi,2024,2025,0.6859860983664763,0.5870165304957693,0.014558049247685114,0.12065674141002282,0.0853362423199464
external_10,Eta+Multi_distinct,2024,2025,0.6804323668873273,0.5609901063368646,0.014815526690439316,0.12171904818244068,0.08573757460435394
external_10,Eta+Multi_distinct,2025,2024,0.6905494118085838,0.5757938339130622,0.01434648873562742,0.11977682887615375,0.08481990151950569
external_10,Eta+Eta,2024,3407,0.6791227576247426,0.5373772289496751,0.014876241697134097,0.12196819953223093,0.08595239676394824
external_10,Multi+Multi,2024,3407,0.689114868569875,0.5885075567438978,0.014412995826582353,0.12005413706566864,0.08486625359153833
external_10,Eta+Multi_distinct,2024,3407,0.68325476892829,0.5626577201599019,0.01468467685323353,0.12118034846142971,0.08537122323669441
external_10,Eta+Multi_distinct,3407,2024,0.6867266182436713,0.5712325283591022,0.01452371788596828,0.12051438870926691,0.08520140756441913
external_10,Eta+Eta,2025,3407,0.6845176601949335,0.5452409134267728,0.014626127747099605,0.12093852879500232,0.08537945912587745
external_10,Multi+Multi,2025,3407,0.6829615344052036,0.582954018272624,0.014698271546353826,0.12123642829757822,0.0854193381830897
external_10,Eta+Multi_distinct,2025,3407,0.6887323393036776,0.5715414812034365,0.01443073032772072,0.12012797479238847,0.08475528265467427
external_10,Eta+Multi_distinct,3407,2025,0.6806461437232014,0.561024043371581,0.01480561574799862,0.12167832899904,0.0857559949627555
