region,metric,comparison,delta,ci_low,ci_high,block_hours,replicates,seed_positive_count
historical_7,CRPS,fixed minus dynamic,0.0018880279098231379,0.0015483901615571103,0.002211654136358307,84,5000,5
historical_7,NLL,fixed minus dynamic,0.15275958717742022,0.11544906914540046,0.19420344618024446,84,5000,5
historical_7,coverage_50,fixed minus dynamic,0.08267626619768197,0.05550247926818849,0.1088251108342799,84,5000,5
historical_7,coverage_95,fixed minus dynamic,0.00023601900365173063,-0.010289062213754451,0.010318763052797433,84,5000,3
historical_7,width_95,fixed minus dynamic,0.03936906937709522,0.017226425002868154,0.06064963356945964,84,5000,5
historical_7,CRPS,fixed minus dynamic,0.0018880279098231379,0.0015154500638768125,0.00226139958156822,168,5000,5
historical_7,NLL,fixed minus dynamic,0.15275958717742022,0.1149859778451039,0.1937471133845814,168,5000,5
historical_7,coverage_50,fixed minus dynamic,0.08267626619768197,0.046668185676425056,0.11872591720709837,168,5000,5
historical_7,coverage_95,fixed minus dynamic,0.00023601900365173063,-0.012595522050831082,0.013033767815923511,168,5000,3
historical_7,width_95,fixed minus dynamic,0.03936906937709522,0.009935689634659307,0.06786750709953367,168,5000,5
historical_7,CRPS,fixed minus dynamic,0.0018880279098231379,0.0014565949541237892,0.0023596987030028555,336,5000,5
historical_7,NLL,fixed minus dynamic,0.15275958717742022,0.11438348752058393,0.1919184186948287,336,5000,5
historical_7,coverage_50,fixed minus dynamic,0.08267626619768197,0.03514205412865329,0.1291632546196217,336,5000,5
historical_7,coverage_95,fixed minus dynamic,0.00023601900365173063,-0.016076603891107644,0.0163734825168847,336,5000,3
historical_7,width_95,fixed minus dynamic,0.03936906937709522,0.00112229924070069,0.0761640810545236,336,5000,5
external_10,CRPS,fixed minus dynamic,0.003085132283564891,0.0026362071531378104,0.0035406677312930946,84,5000,5
external_10,NLL,fixed minus dynamic,0.14209859595823887,0.1209801109386317,0.1632032502884518,84,5000,5
external_10,coverage_50,fixed minus dynamic,0.08726344942711889,0.0723939790575915,0.10186609378556802,84,5000,5
external_10,coverage_95,fixed minus dynamic,0.004411563851582063,-0.0008641588891418347,0.009254974770468157,84,5000,5
external_10,width_95,fixed minus dynamic,0.07948357631555392,0.059900540932604544,0.0979704321483661,84,5000,5
external_10,CRPS,fixed minus dynamic,0.003085132283564891,0.0025264079286121278,0.003626683632798064,168,5000,5
external_10,NLL,fixed minus dynamic,0.14209859595823887,0.11795361836605767,0.1654964099341652,168,5000,5
external_10,coverage_50,fixed minus dynamic,0.08726344942711889,0.06829252029744272,0.10532947302526723,168,5000,5
external_10,coverage_95,fixed minus dynamic,0.004411563851582063,-0.0010651557401927568,0.009296465968586347,168,5000,5
external_10,width_95,fixed minus dynamic,0.07948357631555392,0.054786571448934035,0.10258084244769823,168,5000,5
external_10,CRPS,fixed minus dynamic,0.003085132283564891,0.0024091908467836058,0.0037610096900470478,336,5000,5
external_10,NLL,fixed minus dynamic,0.14209859595823887,0.1131834884666898,0.17013171197674387,336,5000,5
external_10,coverage_50,fixed minus dynamic,0.08726344942711889,0.061208342818119016,0.11085844430533388,336,5000,5
external_10,coverage_95,fixed minus dynamic,0.004411563851582063,-0.0019127115107367943,0.009783296342666345,336,5000,5
external_10,width_95,fixed minus dynamic,0.07948357631555392,0.04598895440223417,0.10963282127901774,336,5000,5
