region,seed,scale,validation_fixed_sigma,validation_dynamic_multiplier,CRPS,NLL,coverage_50,coverage_95,width_95
historical_7,42,fixed,0.08990715274486769,1.1362198185462369,0.04861343931799834,-0.9554851710537136,0.6153714627682305,0.9397495084209613,0.35242956266498215
historical_7,42,dynamic,0.08990715274486769,1.1362198185462369,0.04674489312331138,-1.106471210972522,0.5327388585595823,0.9398395803563798,0.31293845056807695
historical_7,123,fixed,0.09218395526699301,1.1608997097968197,0.04904845053753226,-0.9448754434014583,0.6261220825852795,0.9421325981020804,0.3613544645515289
historical_7,123,dynamic,0.09218395526699301,1.1608997097968197,0.04719593828844792,-1.090462487435735,0.5442604330780794,0.9406883938494613,0.32141015379756704
historical_7,2024,fixed,0.0901876003234291,1.1574967329384527,0.04874441454893775,-0.9466443960204548,0.6205941083794378,0.9395953174806747,0.3535288969720295
historical_7,2024,dynamic,0.0901876003234291,1.1574967329384527,0.04682712215018347,-1.1065208500914336,0.534976917158245,0.9380900475091278,0.3136778139483063
historical_7,2025,fixed,0.09195739108403574,1.1729012015431293,0.049178026868445066,-0.9438319389415217,0.6212963641470965,0.9415219409128135,0.3604663492739567
historical_7,2025,dynamic,0.09195739108403574,1.1729012015431293,0.04734045408136559,-1.0866928032628844,0.5463366675215859,0.9433539124806138,0.324849420540705
historical_7,3407,fixed,0.0902583342350173,1.1559803097277845,0.049048623923782314,-0.9371428970865844,0.6205727353778142,0.9380702011504816,0.35380616881045795
historical_7,3407,dynamic,0.0902583342350173,1.1559803097277845,0.04708440800427184,-1.1016304306282625,0.5322625459519543,0.937917536853163,0.3118642565327504
external_10,42,fixed,0.14195918227814047,1.271201074549303,0.06581183300502541,-0.6639784788733963,0.6848195993626202,0.9613504438880108,0.556469769079779
external_10,42,dynamic,0.14195918227814047,1.271201074549303,0.0628622256069914,-0.7941441981707847,0.6120646483041197,0.9589166476971015,0.4850960399216606
external_10,123,fixed,0.1394632644937763,1.25872018302327,0.06467625162371761,-0.681971569128426,0.6800791031185964,0.9625701874193896,0.5466859511484083
external_10,123,dynamic,0.1394632644937763,1.25872018302327,0.06179390264037054,-0.8129643756998335,0.6042577206161311,0.9593501024357025,0.4743178714150819
external_10,2024,fixed,0.13676075560647616,1.2387611926840458,0.06450270349367636,-0.6861984039710262,0.6700138477881509,0.9608325745504296,0.536092310974303
external_10,2024,dynamic,0.13676075560647616,1.2387611926840458,0.061387753635473094,-0.8371741888618186,0.5761732680780022,0.9562476288034052,0.45684188356763344
external_10,2025,fixed,0.13893992010566633,1.2426529885501316,0.06444474676118289,-0.6853162148173216,0.6791230366492157,0.9626840048562197,0.5446344788439672
external_10,2025,dynamic,0.13893992010566633,1.2426529885501316,0.06123304807006752,-0.8351048959308623,0.5855508763942628,0.9577737309355862,0.4611724732832727
external_10,3407,fixed,0.13904119362483006,1.2089079388902775,0.0646844711968052,-0.680764697744173,0.6787683056377577,0.962119660065265,0.5450314637442195
external_10,3407,dynamic,0.13904119362483006,1.2089079388902775,0.06141741470968041,-0.8293346856622313,0.5784401320282274,0.9552109416496003,0.4540678240253437
