lead_hour,VARX_R2,HS_DT_R2,HS_DT_minus_VARX_R2
1,0.9803911307873657,0.8757432404862219,-0.10464789030114385
2,0.9624857425757346,0.8333563106736432,-0.12912943190209136
3,0.9447524178039123,0.814539080410781,-0.13021333739313123
4,0.9246821766099392,0.8020699971852284,-0.12261217942471081
5,0.9022955295435684,0.7844772510065299,-0.11781827853703852
6,0.8834051410482724,0.7640501026050073,-0.11935503844326512
7,0.8650550231666041,0.7498486824080871,-0.11520634075851699
8,0.8457566211540612,0.7371788268171299,-0.10857779433693138
9,0.8268757963960308,0.7277553436584466,-0.09912045273758419
10,0.808540825246269,0.7145136597277701,-0.09402716551849888
11,0.7888833394066597,0.7059925460028387,-0.082890793403821
12,0.7684659868922594,0.6928799945527653,-0.07558599233949415
13,0.7471588247564336,0.6769104080535107,-0.07024841670292292
14,0.725518728588936,0.65315294129961,-0.07236578728932597
15,0.7035124128786359,0.6401097271155705,-0.0634026857630654
16,0.684827929407099,0.6418239378920579,-0.043003991515041085
17,0.6719095641945327,0.6322208343759428,-0.03968872981858995
18,0.660043356767811,0.6103753096897035,-0.04966804707810746
19,0.6481510901547923,0.5984424807643846,-0.049708609390407776
20,0.6380704283755969,0.6027172089712565,-0.03535321940434044
21,0.6263537552580951,0.5977267192160901,-0.028627036042005005
22,0.6123419152254854,0.5771539862425001,-0.035187928982985284
23,0.5934451640385969,0.572760392690173,-0.020684771348423947
24,0.5762911377353153,0.5896268445558739,0.013335706820558624
