station_id,eta_sequence_R2,multistate_sequence_R2,multistate_minus_eta_R2,winner
8557380,0.7567289400428672,0.7735784686131181,0.016849528570250905,multistate
8555889,0.7444019989080238,0.7572922038372982,0.012890204929274396,multistate
8537121,0.6680663791756565,0.67936153340584,0.011295154230183568,multistate
8551910,0.6894604292590111,0.7016225599023511,0.012162130643340041,multistate
8551762,0.6838332445756461,0.6998088763589212,0.0159756317832751,multistate
8540433,0.6886537463013055,0.6957682379663388,0.007114491665033307,multistate
8545240,0.6698650380577562,0.6725314602803446,0.002666422222588394,multistate
8546252,0.6582173660158622,0.6636804638584884,0.005463097842626219,multistate
8539094,0.6365952266201322,0.6424033604853607,0.005808133865228493,multistate
8548989,0.5764470801315456,0.5793455277075337,0.0028984475759881168,multistate
