station_id,lead,HSI_mean,HSI_std,error_correlation_mean,eta_win_probability_mean
8461490,1,-0.020176595592357738,0.06101697603739729,0.8330876888494008,0.5187798770771682
8461490,2,-0.01582448688157425,0.061121866402099496,0.8405986019993457,0.5209651718643296
8461490,3,0.005899778322709981,0.05538119172447452,0.850375896263383,0.48295014796266783
8461490,4,-0.00037923070542993375,0.02562724712223128,0.8659046048174563,0.5038015023901662
8461490,5,-0.011283502827787428,0.043877875631532275,0.8733781503041008,0.5077168222171636
8461490,6,0.007187433106268237,0.04630046188592459,0.8831689515572828,0.4848622809014341
8461490,7,-0.00020067302347546168,0.028682580037245668,0.8950642691678181,0.5002959253357615
8461490,8,0.0061178479115099995,0.038157354036976426,0.8995445127860993,0.5246528568176644
8461490,9,-0.013094217161954025,0.0183905732048385,0.9123388640253761,0.5197359435465513
8461490,10,0.008673051193316827,0.01337487248659374,0.9195987880570131,0.4944684725699977
8461490,11,0.008415270560912513,0.04297702299390236,0.9172220157555321,0.48827680400637374
8461490,12,-0.0244015827251598,0.030205329181352703,0.9276673810820016,0.5263373548827681
8461490,13,-0.0046621601276523265,0.02249124404410068,0.9283624757456005,0.49506032324152055
8461490,14,-0.007687769870153805,0.026300403034446224,0.9336360835057631,0.5057591623036649
8461490,15,0.004268474103502107,0.010175007213909739,0.9363130498054602,0.49542453903938083
8461490,16,-0.005608427506407598,0.015222467015756892,0.9403295206965098,0.5050307307079445
8461490,17,-0.025723817804632752,0.05323124930126151,0.9281595363277727,0.5134987480081948
8461490,18,-0.004706066906644912,0.021045751310749518,0.9447348837408065,0.5167766901889369
8461490,19,-0.017921340730240033,0.020302954515856442,0.9531583666037037,0.5379467334395629
8461490,20,-0.007157704686734145,0.022939794900575,0.9454255098083222,0.4941953107216025
8461490,21,-0.03969109535160503,0.02696421245610372,0.9500333829634894,0.5297518779877077
8461490,22,-0.004199868102543536,0.038180355374674735,0.9566457502195345,0.5016617345777373
8461490,23,0.008199579006702085,0.030273599353799373,0.9577588613750146,0.49565217391304356
8461490,24,0.014409377439639225,0.04251054448645736,0.9566270244929349,0.48058274527657635
8510560,1,-0.017136793264152073,0.051926104656352765,0.8001807708217585,0.5275665832005464
8510560,2,-0.02051919103920974,0.06699793099339017,0.7858264388842784,0.5171409059867972
8510560,3,-0.01447115092976814,0.048094133612302276,0.7945299731670994,0.5072615524698383
8510560,4,-0.011554456764823695,0.019103855572497993,0.786736445764032,0.5229228317778284
8510560,5,-0.014513886301766,0.03687469359609994,0.8394450918693674,0.506806282722513
8510560,6,0.0076148661574580775,0.04315808356019365,0.8219949482531858,0.49988618256316864
8510560,7,-0.0016107778478831047,0.031143893496512875,0.852529646991288,0.49747325290234456
8510560,8,0.0006783922951543841,0.02819618067587196,0.8531972166739521,0.5118142499430913
8510560,9,-0.0063131503420161385,0.014510791301022053,0.8623116869119217,0.5130434782608695
8510560,10,0.013681166179657266,0.01664647386237802,0.8940277246228252,0.4793990439335306
8510560,11,0.0044220834031702076,0.04640458852340483,0.884875273745962,0.4960163897109037
8510560,12,-0.026025279611982265,0.024526373526573976,0.9013490011759375,0.5312997951286137
8510560,13,-0.008029556886132116,0.024006764859481618,0.9016290171705581,0.5039836102890962
8510560,14,0.0018859167634873498,0.02151238632398362,0.9082336630433069,0.5029364898702481
8510560,15,0.01301580805517082,0.025520370675426042,0.9210349409602452,0.49223765080810383
8510560,16,-0.00914752973046038,0.02748569674988324,0.907790689322051,0.5068518096972456
8510560,17,-0.011878294742688023,0.04972426335162683,0.921088064765905,0.5244707489187344
8510560,18,-0.010201213763149641,0.03292482426458236,0.927154461775028,0.518415661279308
8510560,19,-0.0016963043147725121,0.017833251659003322,0.9422109832870584,0.5154108809469611
8510560,20,0.0028708945512895155,0.026501479204752407,0.9226994736581723,0.48431595720464377
8510560,21,-0.025078704320877287,0.03129345590404754,0.9363890657262237,0.5232870475756886
8510560,22,-0.0014461894782990203,0.0512039217092921,0.9427833362394015,0.49783746870020484
8510560,23,0.01078107574914421,0.03441945226675934,0.9354802461027969,0.48854996585476895
8510560,24,0.01767304399316243,0.04516558740183263,0.9421326141899181,0.469018893694514
8516945,1,-0.001742156016520835,0.05047267160401876,0.9348809021329153,0.5066241748235829
8516945,2,-0.03792252716387325,0.05503241722681318,0.9428598475280776,0.5298429319371728
8516945,3,-0.013882263015797225,0.0632148520362597,0.93158937503633,0.5102208058274528
8516945,4,0.004274778204747531,0.02059998378966637,0.9372392489427304,0.47848850443888
8516945,5,-0.013266650850051654,0.05092432053166725,0.9467765512006789,0.49460505349419526
8516945,6,0.018298237668048924,0.04695827710115638,0.9438177604108905,0.5148190302754382
8516945,7,-0.004975251868237796,0.02042583837340538,0.9585076592963825,0.5083086728886865
8516945,8,0.01871820891073426,0.03645790503690911,0.9484630250076892,0.5022991122239927
8516945,9,0.001165440602013601,0.035792424848729985,0.9529546537349531,0.5025267470976553
8516945,10,0.018222599915921546,0.05178512334144611,0.9602411384200542,0.5145003414523105
8516945,11,0.021473982158373706,0.037029749926332366,0.9607314454730561,0.4839517414067835
8516945,12,-0.0019987391828198307,0.0401125526774911,0.9648210445352474,0.5053494195310722
8516945,13,-0.00027746434929096784,0.02048909845548912,0.9572935158422624,0.4913726382881857
8516945,14,0.01137389274203503,0.06191165252187027,0.9580991794389917,0.5126792624630093
8516945,15,0.006126883278079953,0.01435972472303308,0.9697684294252207,0.5029820168449806
8516945,16,0.01093788361796113,0.014898782004243659,0.9692464760935957,0.5083997268381516
8516945,17,-0.0067771655612656745,0.028360635583275152,0.9661435647778918,0.49838379239699526
8516945,18,0.0039802385723521905,0.02158607138303901,0.9735741550858477,0.507489187343501
8516945,19,0.0009679604628005545,0.02698623533661639,0.9710113871972343,0.52151149556112
8516945,20,0.011418441183847217,0.015261370404968564,0.9650667620618304,0.49547006601411336
8516945,21,-0.025751443014473963,0.02659644559553579,0.9630461833339231,0.5117231959936263
8516945,22,0.0072745877833825245,0.03154712159120624,0.973244186027123,0.5132711131345322
8516945,23,0.0011411417567451121,0.0072091832655833635,0.9751480535077011,0.5089005235602093
8516945,24,0.03597955360594624,0.03456102543606386,0.9749295099527279,0.4546323696790348
8518750,1,-0.001993411372616438,0.04448918894134982,0.8820223036894947,0.5190985659002959
8518750,2,-0.025330850859819586,0.05267772654298508,0.8917381724357233,0.5272478943774186
8518750,3,-0.009547939339166955,0.035697016834205876,0.8982225525085614,0.5023446391987252
8518750,4,-0.005055841180607312,0.025741789189399792,0.9202339879853074,0.5140905986797177
8518750,5,-0.010912600607819688,0.04016397320764452,0.9194467915752389,0.49328477122695197
8518750,6,0.02264143402214498,0.04648019762987424,0.9053527921486794,0.49833826542226267
8518750,7,-0.004716755072903455,0.025764338168563498,0.9336547437111473,0.5060323241520601
8518750,8,0.008282341635896117,0.04625417764105175,0.9295846529149706,0.5139540177555201
8518750,9,-0.0005554947412887313,0.0278224661648545,0.9316314446686512,0.5108581834737083
8518750,10,0.014422295558894982,0.04155938443309436,0.943787521425412,0.4975643068518097
8518750,11,0.0064808856341716185,0.03461089719018971,0.9422021221928614,0.4941953107216025
8518750,12,-0.008021216528577924,0.04112760351560887,0.950930472116385,0.5314819030275438
8518750,13,-0.01308730693677429,0.031112795996987637,0.9465381094172919,0.5037559754154336
8518750,14,0.0003496901082733261,0.05746444357164948,0.9445696227538628,0.5195993626223537
8518750,15,-0.0036886772985917694,0.010716699811912991,0.9632571476475004,0.4946505804689278
8518750,16,0.00890279601631443,0.011781826256730516,0.9625799192665392,0.48946050534941954
8518750,17,-0.01876195379026282,0.03617517496457631,0.9569219161447311,0.5101297518779877
8518750,18,-0.0014579653685305005,0.03224654908074357,0.966883108893947,0.5198269974960164
8518750,19,0.005888734064780266,0.023744181792399444,0.9681127755622283,0.5072615524698383
8518750,20,0.006217215752228144,0.017852486729859562,0.9578464294667757,0.4869109947643979
8518750,21,-0.029406480550133972,0.03732769554371343,0.9527014339953954,0.5196904165718188
8518750,22,0.00654894989878696,0.035410309367375596,0.967115085495293,0.5001138174368313
8518750,23,0.0028691789814295878,0.013188472988029946,0.9727841715647797,0.49988618256316875
8518750,24,0.012871643881620275,0.03777708285748915,0.9701431172583108,0.49141816526291826
8531680,1,-0.010450398155500907,0.03660168016058957,0.8772989676525658,0.5229228317778284
8531680,2,-0.02009956400303161,0.04457845316819675,0.8866574052704961,0.5112679262463009
8531680,3,-0.009357035692079995,0.03325644109913567,0.8928861469002305,0.5026178010471204
8531680,4,-0.0017074135286761828,0.018033578052525943,0.9130256401845569,0.5138629638060551
8531680,5,-0.01260355887457607,0.03126020643661138,0.9185115806201642,0.5038925563396311
8531680,6,0.009102894087954283,0.034389418893998255,0.9130975675558446,0.4857272934213522
8531680,7,-0.008055884748001941,0.024757138516928685,0.9301833031540878,0.513680855907125
8531680,8,0.0072560795257773595,0.03156237919819249,0.9241586573871198,0.5074436603687685
8531680,9,-0.009165768308183164,0.024252729572985042,0.92435211746336,0.5194627816981562
8531680,10,0.014641308370709583,0.03362189765987263,0.942471864225325,0.49014340997040745
8531680,11,0.00405481523401936,0.030639383510313086,0.9418859070851925,0.48531755064875937
8531680,12,-0.01638788490114591,0.03181821359519639,0.9469697568766234,0.5305258365581608
8531680,13,-0.014313854442866702,0.02022636752001602,0.9439574380855775,0.5049852037332119
8531680,14,-0.0030696058836263474,0.041592429688067915,0.9481031604904435,0.50585021625313
8531680,15,-0.008159566012648134,0.009315863958731371,0.9507401216663632,0.4939676758479399
8531680,16,0.00295400082946391,0.009674444873569396,0.9580217750025153,0.4947416344183929
8531680,17,-0.0127205753863602,0.03375196645896551,0.9540201768319527,0.5060778511267927
8531680,18,-0.012950821826460035,0.02417945016599832,0.9595554166659968,0.535624857728204
8531680,19,-0.0014085725380231118,0.017137880843992388,0.961667520478518,0.5127247894377419
8531680,20,-0.0019058961828682275,0.013408074530160003,0.9584326867006082,0.48859549282950143
8531680,21,-0.026942895163106627,0.031527582863943825,0.9555816456250978,0.5221033462326428
8531680,22,0.0005796968756394683,0.026737240488923106,0.9646382489594194,0.5019804234008649
8531680,23,-0.00509351896391882,0.01773569616326949,0.9669247415515441,0.5072615524698383
8531680,24,0.004918262177551558,0.03632572885000671,0.9685397213794171,0.4920100159344411
8534720,1,-0.0011075841374182272,0.046965605222187436,0.8624547021515323,0.4926929205554291
8534720,2,-0.021014019347891755,0.05112677802276775,0.8751587638130719,0.5275665832005464
8534720,3,-0.0035116518058021075,0.04601472390209164,0.868585114767211,0.5048030958342818
8534720,4,-0.00845996818175443,0.032816824758234026,0.8997813777458055,0.5099931709537902
8534720,5,-0.010816185700540859,0.03884573490910006,0.9044488667760995,0.4923742317323014
8534720,6,0.024452802173745836,0.026426951611386966,0.9046135490532589,0.45276576371500116
8534720,7,-0.011634560282377837,0.03250039876045927,0.9185979658331445,0.5099931709537902
8534720,8,0.015676288763083645,0.026997063731179806,0.9074455959364564,0.4985203733211928
8534720,9,-0.004103299544245975,0.03362776630645447,0.9196121048835542,0.5249260186660597
8534720,10,0.027764019409725484,0.02433965203518503,0.9265167865156855,0.47115866150694286
8534720,11,0.00282026171649874,0.031918188559741836,0.9278529916706436,0.49770088777600724
8534720,12,-0.028724180228364714,0.02892581494210341,0.9297850073072877,0.5500569087184156
8534720,13,-0.0012711716854783006,0.025059352589755692,0.9223580145378577,0.49478716139312545
8534720,14,0.007531509254540403,0.05149659408506135,0.9246354291503704,0.5106305486000455
8534720,15,0.008528422499122557,0.012934287183666881,0.9364484753128768,0.4762121557022536
8534720,16,0.0029737596477210637,0.006365721714461353,0.9383227082152953,0.49656271340769403
8534720,17,-0.009289392053134459,0.04131584362737422,0.9407654952894677,0.5132711131345322
8534720,18,0.003338992013863562,0.019023267339208966,0.95019278774755,0.5081265649897564
8534720,19,-0.004437611381388184,0.020311956509565444,0.9523668837832033,0.5382654222626906
8534720,20,0.010347962323944304,0.013927392314755534,0.939618894639722,0.47830639653994994
8534720,21,-0.02908591972433422,0.0343914743856489,0.941948596708104,0.5371272478943774
8534720,22,0.014227699478006428,0.01554249398906703,0.9528996983290627,0.46792624630093327
8534720,23,-0.004332419327489378,0.017379410121471605,0.9555219830530748,0.494923742317323
8534720,24,0.02602630423284551,0.051940257482980715,0.9562220928206336,0.4727976325973139
8536110,1,-0.018555392752199595,0.041038777588338175,0.8315434207481452,0.5391759617573413
8536110,2,-0.020371717693563073,0.046835918160670995,0.8417068411497013,0.5242886410198042
8536110,3,-0.0076115369002067055,0.017657624791409088,0.8687748432602487,0.5027088549965855
8536110,4,-0.01157838359618113,0.029410212555637884,0.8804089202262017,0.5283860687457318
8536110,5,-0.01765597464325499,0.024749654371365604,0.8973615528823101,0.5236967903482814
8536110,6,-0.0012160837519782585,0.027239706666793366,0.8966621827640381,0.4819940814932847
8536110,7,-0.03769538078282766,0.04765647489960788,0.9009018774041356,0.5471431823355338
8536110,8,-0.011999318479634069,0.03282533762470574,0.9136697790705274,0.5126337354882768
8536110,9,-0.015294959772950234,0.019844222244743265,0.9068706279355625,0.5338493057136353
8536110,10,0.007437580689747314,0.029391717723620155,0.9231966206199198,0.46610516731163215
8536110,11,-0.009608121111155365,0.03597018442864429,0.9151696036178552,0.49519690416571815
8536110,12,-0.03134255961622283,0.03431683924210217,0.9299136162094849,0.5793762804461643
8536110,13,-0.017171188378188186,0.02036502270026039,0.9202844687643468,0.5102663328021853
8536110,14,-0.011731222394644192,0.03672925822087875,0.933721415288445,0.5072160254951059
8536110,15,-0.0075549719642347135,0.024079005071632187,0.9365949209182215,0.5033917596175734
8536110,16,-0.0159689069670401,0.01962668399424481,0.9359692872711619,0.516776690188937
8536110,17,-0.012408349812063558,0.032707239364884594,0.9402000279282372,0.5135898019576599
8536110,18,-0.01335852671836717,0.02085959749546591,0.9475982786038493,0.5375369906669702
8536110,19,-0.021819653379914317,0.022808568649062555,0.9485258955512611,0.5392214887320738
8536110,20,-0.00015599690285359458,0.02641326356319033,0.939243816695568,0.4687912588208514
8536110,21,-0.019602446390156913,0.043506706871260674,0.9502835190650016,0.5188709310266333
8536110,22,0.002110718185599758,0.028505752871160944,0.958974693996938,0.48427043022991123
8536110,23,-0.004108809107383526,0.018392149804514736,0.9550230382478496,0.4992032779421807
8536110,24,0.013311067657915676,0.03838775910372146,0.9558452864449943,0.48586387434554973
