protocol,comparison,enhanced,baseline,metric,mean_delta,wins,seed_count,wilcoxon_p_greater,backbone,supervision,injection,attribution_class,matched_capacity_control,capacity_confounded,metric_label,effect_definition,verdict
strict_2025_h2_chronological_refit,GNN physics loss minus baseline,GNN-BiGRU + physics loss,GNN-BiGRU baseline,seq_residual_R2,-0.0040203690528869,2,5,0.78125,GNN-BiGRU,multistate,direct_physics_loss,matched_physics_increment,True,False,Sequence R2,enhanced_minus_baseline_metric; positive_is_better,nonpositive
strict_2025_h2_chronological_refit,GNN physics loss minus baseline,GNN-BiGRU + physics loss,GNN-BiGRU baseline,last_residual_R2,-0.007223105430603,2,5,0.90625,GNN-BiGRU,multistate,direct_physics_loss,matched_physics_increment,True,False,Lead-24 R2,enhanced_minus_baseline_metric; positive_is_better,nonpositive
strict_2025_h2_chronological_refit,GNN physics loss minus baseline,GNN-BiGRU + physics loss,GNN-BiGRU baseline,extreme_abs_q95_residual_R2,-0.0153828382492065,1,5,0.96875,GNN-BiGRU,multistate,direct_physics_loss,matched_physics_increment,True,False,Descriptive q95 R2,enhanced_minus_baseline_metric; positive_is_better,nonpositive
strict_2025_h2_chronological_refit,GNN physics loss minus baseline,GNN-BiGRU + physics loss,GNN-BiGRU baseline,event_PR_AUC,-0.0012355935022649,3,5,0.59375,GNN-BiGRU,multistate,direct_physics_loss,matched_physics_increment,True,False,Event PR-AUC,enhanced_minus_baseline_metric; positive_is_better,nonpositive
strict_2025_h2_chronological_refit,GWN frozen ODE minus baseline,GWN + frozen causal ODE,Multistate GWN baseline,seq_residual_R2,0.0034922122955322,3,5,0.3125,Graph WaveNet,multistate,frozen_backbone_ode_gate,capacity_confounded_candidate,False,True,Sequence R2,enhanced_minus_baseline_metric; positive_is_better,positive_but_capacity_confounded
strict_2025_h2_chronological_refit,GWN frozen ODE minus baseline,GWN + frozen causal ODE,Multistate GWN baseline,last_residual_R2,-0.004967451095581,2,5,0.84375,Graph WaveNet,multistate,frozen_backbone_ode_gate,capacity_confounded_candidate,False,True,Lead-24 R2,enhanced_minus_baseline_metric; positive_is_better,nonpositive
strict_2025_h2_chronological_refit,GWN frozen ODE minus baseline,GWN + frozen causal ODE,Multistate GWN baseline,extreme_abs_q95_residual_R2,-0.0087994217872619,1,5,0.84375,Graph WaveNet,multistate,frozen_backbone_ode_gate,capacity_confounded_candidate,False,True,Descriptive q95 R2,enhanced_minus_baseline_metric; positive_is_better,nonpositive
strict_2025_h2_chronological_refit,GWN frozen ODE minus baseline,GWN + frozen causal ODE,Multistate GWN baseline,event_PR_AUC,0.0074000865655555,4,5,0.09375,Graph WaveNet,multistate,frozen_backbone_ode_gate,capacity_confounded_candidate,False,True,Event PR-AUC,enhanced_minus_baseline_metric; positive_is_better,positive_but_capacity_confounded
strict_2025_h2_chronological_refit,GWN joint ODE minus baseline,GWN + joint causal ODE,Multistate GWN baseline,seq_residual_R2,0.0160865664482116,5,5,0.03125,Graph WaveNet,multistate,joint_ode_gate_finetune,capacity_confounded_candidate,False,True,Sequence R2,enhanced_minus_baseline_metric; positive_is_better,positive_but_capacity_confounded
strict_2025_h2_chronological_refit,GWN joint ODE minus baseline,GWN + joint causal ODE,Multistate GWN baseline,last_residual_R2,0.0025078177452087,4,5,0.21875,Graph WaveNet,multistate,joint_ode_gate_finetune,capacity_confounded_candidate,False,True,Lead-24 R2,enhanced_minus_baseline_metric; positive_is_better,positive_but_capacity_confounded
strict_2025_h2_chronological_refit,GWN joint ODE minus baseline,GWN + joint causal ODE,Multistate GWN baseline,extreme_abs_q95_residual_R2,0.0445892453193664,4,5,0.0625,Graph WaveNet,multistate,joint_ode_gate_finetune,capacity_confounded_candidate,False,True,Descriptive q95 R2,enhanced_minus_baseline_metric; positive_is_better,positive_but_capacity_confounded
strict_2025_h2_chronological_refit,GWN joint ODE minus baseline,GWN + joint causal ODE,Multistate GWN baseline,event_PR_AUC,0.01893615168314,5,5,0.03125,Graph WaveNet,multistate,joint_ode_gate_finetune,capacity_confounded_candidate,False,True,Event PR-AUC,enhanced_minus_baseline_metric; positive_is_better,positive_but_capacity_confounded
strict_2025_h2_chronological_refit,GWN joint ODE minus capacity control,GWN + joint causal ODE,GWN + no-prior fine-tune,seq_residual_R2,0.0044403791427612,4,5,0.21875,Graph WaveNet,multistate,joint_ode_gate_finetune,matched_physics_increment,True,False,Sequence R2,enhanced_minus_baseline_metric; positive_is_better,matched_positive_inconclusive
strict_2025_h2_chronological_refit,GWN joint ODE minus capacity control,GWN + joint causal ODE,GWN + no-prior fine-tune,last_residual_R2,-0.0084667682647704,2,5,0.84375,Graph WaveNet,multistate,joint_ode_gate_finetune,matched_physics_increment,True,False,Lead-24 R2,enhanced_minus_baseline_metric; positive_is_better,nonpositive
strict_2025_h2_chronological_refit,GWN joint ODE minus capacity control,GWN + joint causal ODE,GWN + no-prior fine-tune,extreme_abs_q95_residual_R2,0.0055840134620666,2,5,0.5,Graph WaveNet,multistate,joint_ode_gate_finetune,matched_physics_increment,True,False,Descriptive q95 R2,enhanced_minus_baseline_metric; positive_is_better,matched_positive_inconclusive
strict_2025_h2_chronological_refit,GWN joint ODE minus capacity control,GWN + joint causal ODE,GWN + no-prior fine-tune,event_PR_AUC,0.0036875194819843,3,5,0.40625,Graph WaveNet,multistate,joint_ode_gate_finetune,matched_physics_increment,True,False,Event PR-AUC,enhanced_minus_baseline_metric; positive_is_better,matched_positive_inconclusive
strict_2025_h2_chronological_refit,HS-DT capacity minus baseline,HS-DT + no-prior fine-tune,HS-DT baseline,seq_residual_R2,0.0109396808504884,5,5,0.03125,HS-DT-GWN,dual_expert,no_prior_finetune,capacity_only_control,False,True,Sequence R2,enhanced_minus_baseline_metric; positive_is_better,capacity_control_not_physics
strict_2025_h2_chronological_refit,HS-DT capacity minus baseline,HS-DT + no-prior fine-tune,HS-DT baseline,last_residual_R2,0.010974598898293,4,5,0.15625,HS-DT-GWN,dual_expert,no_prior_finetune,capacity_only_control,False,True,Lead-24 R2,enhanced_minus_baseline_metric; positive_is_better,capacity_control_not_physics
strict_2025_h2_chronological_refit,HS-DT capacity minus baseline,HS-DT + no-prior fine-tune,HS-DT baseline,extreme_abs_q95_residual_R2,0.0195286750793457,4,5,0.0625,HS-DT-GWN,dual_expert,no_prior_finetune,capacity_only_control,False,True,Descriptive q95 R2,enhanced_minus_baseline_metric; positive_is_better,capacity_control_not_physics
strict_2025_h2_chronological_refit,HS-DT capacity minus baseline,HS-DT + no-prior fine-tune,HS-DT baseline,event_PR_AUC,0.0152486371507095,3,5,0.15625,HS-DT-GWN,dual_expert,no_prior_finetune,capacity_only_control,False,True,Event PR-AUC,enhanced_minus_baseline_metric; positive_is_better,capacity_control_not_physics
strict_2025_h2_chronological_refit,HS-DT dual ODE minus baseline,HS-DT + dual causal ODE,HS-DT baseline,seq_residual_R2,0.0131506635834504,5,5,0.03125,HS-DT-GWN,dual_expert,dual_ode_gate_finetune,capacity_confounded_candidate,False,True,Sequence R2,enhanced_minus_baseline_metric; positive_is_better,positive_but_capacity_confounded
strict_2025_h2_chronological_refit,HS-DT dual ODE minus baseline,HS-DT + dual causal ODE,HS-DT baseline,last_residual_R2,0.002507829516445,4,5,0.21875,HS-DT-GWN,dual_expert,dual_ode_gate_finetune,capacity_confounded_candidate,False,True,Lead-24 R2,enhanced_minus_baseline_metric; positive_is_better,positive_but_capacity_confounded
strict_2025_h2_chronological_refit,HS-DT dual ODE minus baseline,HS-DT + dual causal ODE,HS-DT baseline,extreme_abs_q95_residual_R2,0.0214477777481079,4,5,0.0625,HS-DT-GWN,dual_expert,dual_ode_gate_finetune,capacity_confounded_candidate,False,True,Descriptive q95 R2,enhanced_minus_baseline_metric; positive_is_better,positive_but_capacity_confounded
strict_2025_h2_chronological_refit,HS-DT dual ODE minus baseline,HS-DT + dual causal ODE,HS-DT baseline,event_PR_AUC,0.0189361566326939,5,5,0.03125,HS-DT-GWN,dual_expert,dual_ode_gate_finetune,capacity_confounded_candidate,False,True,Event PR-AUC,enhanced_minus_baseline_metric; positive_is_better,positive_but_capacity_confounded
strict_2025_h2_chronological_refit,HS-DT dual ODE minus capacity control,HS-DT + dual causal ODE,HS-DT + no-prior fine-tune,seq_residual_R2,0.0022109827329619,4,5,0.3125,HS-DT-GWN,dual_expert,dual_ode_gate_finetune,matched_physics_increment,True,False,Sequence R2,enhanced_minus_baseline_metric; positive_is_better,matched_positive_inconclusive
strict_2025_h2_chronological_refit,HS-DT dual ODE minus capacity control,HS-DT + dual causal ODE,HS-DT + no-prior fine-tune,last_residual_R2,-0.0084667693818479,2,5,0.84375,HS-DT-GWN,dual_expert,dual_ode_gate_finetune,matched_physics_increment,True,False,Lead-24 R2,enhanced_minus_baseline_metric; positive_is_better,nonpositive
strict_2025_h2_chronological_refit,HS-DT dual ODE minus capacity control,HS-DT + dual causal ODE,HS-DT + no-prior fine-tune,extreme_abs_q95_residual_R2,0.0019191026687622,2,5,0.5,HS-DT-GWN,dual_expert,dual_ode_gate_finetune,matched_physics_increment,True,False,Descriptive q95 R2,enhanced_minus_baseline_metric; positive_is_better,matched_positive_inconclusive
strict_2025_h2_chronological_refit,HS-DT dual ODE minus capacity control,HS-DT + dual causal ODE,HS-DT + no-prior fine-tune,event_PR_AUC,0.0036875194819843,3,5,0.40625,HS-DT-GWN,dual_expert,dual_ode_gate_finetune,matched_physics_increment,True,False,Event PR-AUC,enhanced_minus_baseline_metric; positive_is_better,matched_positive_inconclusive
strict_2025_h2_chronological_refit,Direct physics loss on ODE HS-DT,HS-DT + multistate ODE + physics loss,HS-DT + multistate causal ODE,seq_residual_R2,1.7915632831932982e-06,3,5,0.40625,HS-DT-GWN,dual_expert,direct_loss_after_ode,matched_physics_increment,True,False,Sequence R2,enhanced_minus_baseline_metric; positive_is_better,matched_positive_inconclusive
strict_2025_h2_chronological_refit,Direct physics loss on ODE HS-DT,HS-DT + multistate ODE + physics loss,HS-DT + multistate causal ODE,last_residual_R2,2.717325472832988e-05,3,5,0.3125,HS-DT-GWN,dual_expert,direct_loss_after_ode,matched_physics_increment,True,False,Lead-24 R2,enhanced_minus_baseline_metric; positive_is_better,matched_positive_inconclusive
strict_2025_h2_chronological_refit,Direct physics loss on ODE HS-DT,HS-DT + multistate ODE + physics loss,HS-DT + multistate causal ODE,extreme_abs_q95_residual_R2,1.1289119720458985e-05,3,5,0.3125,HS-DT-GWN,dual_expert,direct_loss_after_ode,matched_physics_increment,True,False,Descriptive q95 R2,enhanced_minus_baseline_metric; positive_is_better,matched_positive_inconclusive
strict_2025_h2_chronological_refit,Direct physics loss on ODE HS-DT,HS-DT + multistate ODE + physics loss,HS-DT + multistate causal ODE,event_PR_AUC,3.447497067584626e-05,4,5,0.09375,HS-DT-GWN,dual_expert,direct_loss_after_ode,matched_physics_increment,True,False,Event PR-AUC,enhanced_minus_baseline_metric; positive_is_better,matched_positive_inconclusive
